date,time,meal,foods,medications,pain
1/1/26,06:55,,,,0
1/1/26,08:03,breakfast,bread; butter; coffee,antacid,0
1/1/26,10:01,,,,0
1/1/26,12:42,lunch,bread; chicken; chilli; fish; garlic; lentils; oil; onion; potato; tomato,antacid,3
1/1/26,12:44,,,,1
1/1/26,15:48,,,,4
1/1/26,19:29,,,,3
1/1/26,19:38,dinner,lentils; vegetables; wine,antacid,3
1/1/26,22:07,,,,3
1/2/26,07:11,,,,1
1/2/26,07:45,breakfast,bread; coffee; milk; yoghurt,antacid,1
1/2/26,10:13,,,,1
1/2/26,12:05,lunch,beef; bread; garlic; onion; potato; rice; tomato; vegetables,antacid,1
1/2/26,12:52,,,,2
1/2/26,15:51,,,,2
1/2/26,18:47,dinner,garlic; mushroom; oil; onion; potato; salad; soup; vegetables,,3
1/2/26,18:53,,,,3
1/2/26,21:39,,,,3
1/3/26,07:05,,,,3
1/3/26,08:39,breakfast,apple; bread; butter; coffee; milk; yoghurt,,2
1/3/26,09:58,,,,1
1/3/26,12:54,lunch,lentils; salad,antacid,4
1/3/26,13:14,,,,3
1/3/26,16:10,,,,3
1/3/26,19:13,,,,3
1/3/26,19:56,dinner,courgette; garlic; milk; onion; soup; vegetables; wine,antacid,3
1/3/26,21:43,,,,3
1/4/26,06:42,,,,1
1/4/26,08:15,breakfast,coffee; milk,antacid,0
1/4/26,10:28,,,,0
1/4/26,12:37,lunch,apple; butter; coffee; fish; oil; orange_juice; vegetables,,0
1/4/26,12:47,,,,0
1/4/26,16:20,,,,1
1/4/26,18:52,,,,1
1/4/26,18:58,dinner,bread; chicken; courgette; potato; salad; tomato; vegetables,,3
1/4/26,22:10,,,,3
1/5/26,06:40,,,,2
1/5/26,07:35,breakfast,bread; butter; cereal; coffee; eggs; jam,,0
1/5/26,09:33,,,,1
1/5/26,13:03,lunch,garlic; onion; prawns; salad; tomato; vegetables,antacid,4
1/5/26,13:18,,,,3
1/5/26,16:08,,,,3
1/5/26,18:46,,,,1
1/5/26,18:51,dinner,bread; eggs; vegetables; yoghurt,antacid,1
1/5/26,21:29,,,,3
1/6/26,06:41,,,,3
1/6/26,07:31,breakfast,butter; cereal; coffee; eggs; yoghurt,,4
1/6/26,09:37,,,,3
1/6/26,11:48,lunch,bread; chicken; courgette; oil,antacid,2
1/6/26,13:19,,,,1
1/6/26,16:11,,,,2
1/6/26,18:43,,,,2
1/6/26,18:47,dinner,bread; chocolate; salad; wine,,4
1/6/26,22:01,,,,4
1/7/26,06:48,,,,2
1/7/26,07:56,breakfast,banana; bread; coffee; orange_juice,antacid,1
1/7/26,09:55,,,,2
1/7/26,12:14,lunch,bread; coffee; garlic; lentils; onion; prawns; salad; vegetables; yoghurt,antacid,0
1/7/26,13:35,,,,0
1/7/26,16:09,,,,0
1/7/26,18:52,,,,1
1/7/26,19:02,dinner,garlic; oil; onion; potato; rice; salad; vegetables; yoghurt,antacid,2
1/7/26,22:06,,,,2
1/8/26,07:16,,,,3
1/8/26,08:08,breakfast,banana; bread; jam; orange_juice,antacid,1
1/8/26,10:19,,,,0
1/8/26,12:21,lunch,apple; beef; cheese; chicken; potato; salad,antacid,0
1/8/26,13:37,,,,0
1/8/26,15:52,,,,0
1/8/26,18:45,dinner,beef; butter; chilli; fish; oil; potato; tomato; vegetables,antacid,3
1/8/26,19:04,,,,1
1/8/26,21:48,,,,2
1/9/26,06:57,,,,3
1/9/26,07:41,breakfast,bread; cereal; coffee; yoghurt,antacid,2
1/9/26,09:58,,,,2
1/9/26,12:40,lunch,chicken; eggs; fish; lentils; oil,antacid,4
1/9/26,12:46,,,,4
1/9/26,16:03,,,,3
1/9/26,18:37,dinner,chilli; rice; vegetables,,5
1/9/26,19:25,,,,5
1/9/26,21:55,,,,3
1/10/26,07:22,breakfast,apple; bread; butter; coffee,,0
1/10/26,07:25,,,,3
1/10/26,09:35,,,,3
1/10/26,12:25,lunch,beef; bread; chilli; chocolate; eggs; fish; oil,antacid,7
1/10/26,12:47,,,,6
1/10/26,15:29,,,,7
1/10/26,18:45,,,,2
1/10/26,18:50,dinner,courgette; lentils; soup; wine,antacid,2
1/10/26,22:01,,,,3
1/11/26,07:09,,,,4
1/11/26,07:38,breakfast,bread; butter; cereal; chocolate; coffee; jam; milk,antacid,3
1/11/26,10:13,,,,1
1/11/26,11:57,lunch,beef; chicken; fish; mushroom; oil; vegetables,antacid,0
1/11/26,12:43,,,,1
1/11/26,16:01,,,,1
1/11/26,19:00,,,,1
1/11/26,19:04,dinner,chicken; oil; salad; soup; tomato,antacid,0
1/11/26,22:10,,,,1
1/12/26,06:56,,,,3
1/12/26,07:58,breakfast,bread; butter; coffee; eggs; milk; orange_juice; yoghurt,antacid,3
1/12/26,09:39,,,,2
1/12/26,12:35,lunch,beef; bread; chilli; fish; rice; wine; yoghurt,,5
1/12/26,12:59,,,,3
1/12/26,15:52,,,,6
1/12/26,18:40,dinner,cheese; lentils; mushroom; tomato; vegetables; wine,antacid,6
1/12/26,18:55,,,,6
1/12/26,21:37,,,,3
1/13/26,06:44,,,,2
1/13/26,08:39,breakfast,butter; coffee; eggs; milk,,3
1/13/26,10:23,,,,3
1/13/26,11:58,lunch,apple; beef; chicken; chocolate; garlic; lentils; oil; onion; pasta; prawns; vegetables,antacid,4
1/13/26,12:57,,,,2
1/13/26,16:22,,,,2
1/13/26,18:58,,,,3
1/13/26,19:27,dinner,chicken; fish; garlic; onion; rice; tomato,,5
1/13/26,21:49,,,,5
1/14/26,06:24,,,,2
1/14/26,07:51,breakfast,butter; coffee; jam,antacid,1
1/14/26,10:16,,,,3
1/14/26,12:56,,,,3
1/14/26,13:11,lunch,bread; cheese; chocolate; coffee; oil; soup; tomato; vegetables,antacid,3
1/14/26,15:26,,,,2
1/14/26,18:30,dinner,chicken; oil; potato; yoghurt,antacid,3
1/14/26,18:41,,,,3
1/14/26,22:14,,,,2
1/15/26,07:19,,,,1
1/15/26,07:57,breakfast,coffee; jam,antacid,2
1/15/26,10:27,,,,4
1/15/26,12:03,lunch,banana; bread; garlic; oil; onion; pasta; potato; salad; vegetables; yoghurt,,4
1/15/26,12:39,,,,4
1/15/26,15:40,,,,5
1/15/26,18:35,,,,3
1/15/26,18:53,dinner,bread; cheese; chilli; soup,antacid,5
1/15/26,21:13,,,,6
1/16/26,07:23,,,,2
1/16/26,08:40,breakfast,butter; coffee; yoghurt,antacid,2
1/16/26,10:22,,,,2
1/16/26,11:57,lunch,apple; beef; bread; cheese; mushroom; oil; salad; vegetables,antacid,1
1/16/26,13:23,,,,0
1/16/26,16:41,,,,2
1/16/26,18:51,,,,3
1/16/26,18:55,dinner,cheese; chocolate; milk; mushroom; oil; vegetables; wine,,4
1/16/26,22:17,,,,7
1/17/26,06:55,,,,3
1/17/26,07:18,breakfast,bread; coffee; milk; yoghurt,antacid,3
1/17/26,10:19,,,,4
1/17/26,11:52,lunch,banana; bread; cheese; chicken; oil; pasta; rice; tomato; vegetables,,3
1/17/26,12:33,,,,3
1/17/26,16:13,,,,5
1/17/26,18:40,dinner,garlic; oil; onion; potato; prawns; salad; vegetables; wine; yoghurt,antacid,4
1/17/26,18:59,,,,5
1/17/26,22:24,,,,6
1/18/26,07:31,,,,2
1/18/26,08:17,breakfast,apple; bread; butter; milk; orange_juice,antacid,2
1/18/26,10:12,,,,5
1/18/26,12:50,,,,6
1/18/26,13:06,lunch,bread; oil; salad; tomato; vegetables; yoghurt,antacid,5
1/18/26,16:24,,,,5
1/18/26,19:07,dinner,chicken; garlic; oil; onion; salad; tomato; vegetables,antacid,3
1/18/26,19:43,,,,4
1/18/26,22:34,,,,2
1/19/26,06:58,,,,0
1/19/26,08:21,breakfast,bread; cereal; coffee; eggs; jam; orange_juice,,2
1/19/26,09:54,,,,3
1/19/26,11:53,lunch,beef; bread; chicken; garlic; oil; onion; rice; tomato; vegetables,antacid,1
1/19/26,13:14,,,,3
1/19/26,15:45,,,,2
1/19/26,19:18,dinner,chocolate; lentils; oil; salad; vegetables; yoghurt,antacid,1
1/19/26,19:26,,,,0
1/19/26,21:17,,,,0
1/20/26,06:59,,,,1
1/20/26,08:33,breakfast,banana; bread; butter; coffee; jam; milk; yoghurt,antacid,2
1/20/26,09:58,,,,2
1/20/26,12:22,lunch,bread; cheese; courgette; eggs; fish; lentils; oil; soup,,2
1/20/26,13:11,,,,1
1/20/26,15:33,,,,2
1/20/26,18:52,,,,3
1/20/26,18:59,dinner,apple; chicken; fish; potato; rice; soup; vegetables; yoghurt,antacid,1
1/20/26,21:51,,,,0
1/21/26,07:20,,,,1
1/21/26,07:55,breakfast,bread; coffee; eggs; milk; yoghurt,antacid,1
1/21/26,10:00,,,,3
1/21/26,12:23,lunch,cheese; chicken; garlic; lentils; mushroom; oil; onion; pasta; salad; vegetables,antacid,5
1/21/26,12:56,,,,4
1/21/26,16:08,,,,3
1/21/26,18:24,dinner,apple; courgette; prawns; soup; vegetables,antacid,2
1/21/26,18:36,,,,0
1/21/26,21:48,,,,1
1/22/26,07:00,,,,2
1/22/26,08:07,breakfast,bread; cereal; cheese; coffee; eggs; jam; orange_juice; yoghurt,antacid,3
1/22/26,10:03,,,,3
1/22/26,12:18,lunch,bread; fish; garlic; mushroom; onion; pasta; vegetables,antacid,4
1/22/26,13:17,,,,4
1/22/26,16:02,,,,4
1/22/26,18:29,,,,2
1/22/26,18:47,dinner,beef; chicken; chilli; oil; vegetables,antacid,5
1/22/26,22:26,,,,2
1/23/26,06:51,,,,3
1/23/26,08:04,breakfast,apple; jam; milk; orange_juice,antacid,4
1/23/26,09:50,,,,5
1/23/26,12:26,lunch,bread; coffee; garlic; oil; onion; rice; vegetables; yoghurt,antacid,3
1/23/26,12:54,,,,2
1/23/26,16:09,,,,1
1/23/26,18:38,dinner,chilli; garlic; onion; salad; soup; vegetables; wine; yoghurt,,3
1/23/26,19:16,,,,4
1/23/26,22:12,,,,5
1/24/26,06:53,,,,1
1/24/26,08:53,breakfast,bread; butter; coffee,antacid,0
1/24/26,09:46,,,,1
1/24/26,13:17,lunch,beef; bread; butter; garlic; lentils; oil; onion; tomato; vegetables; wine,antacid,1
1/24/26,13:35,,,,3
1/24/26,16:27,,,,5
1/24/26,18:38,dinner,butter; fish; oil; soup; tomato; vegetables,antacid,6
1/24/26,19:21,,,,5
1/24/26,22:18,,,,2
1/25/26,06:29,,,,0
1/25/26,07:18,breakfast,cereal; coffee; jam,,1
1/25/26,10:25,,,,2
1/25/26,12:01,lunch,potato; yoghurt,antacid,2
1/25/26,13:18,,,,3
1/25/26,16:15,,,,2
1/25/26,18:34,dinner,chocolate; oil; salad,antacid,1
1/25/26,19:37,,,,0
1/25/26,22:13,,,,1
1/26/26,06:58,,,,3
1/26/26,07:57,breakfast,apple; bread; butter; coffee; jam; orange_juice,antacid,2
1/26/26,09:38,,,,2
1/26/26,12:20,lunch,bread; chicken; garlic; lentils; mushroom; oil; onion; pasta; potato; salad; vegetables,antacid,2
1/26/26,12:46,,,,2
1/26/26,15:32,,,,2
1/26/26,18:07,dinner,apple; bread; fish; mushroom; potato; tomato; yoghurt,antacid,1
1/26/26,18:55,,,,1
1/26/26,21:32,,,,0
1/27/26,06:59,,,,1
1/27/26,08:26,breakfast,bread; coffee; jam; milk,,3
1/27/26,10:19,,,,1
1/27/26,11:57,lunch,beef; cheese; mushroom; vegetables,,3
1/27/26,13:15,,,,4
1/27/26,15:50,,,,3
1/27/26,19:07,,,,2
1/27/26,19:07,dinner,garlic; onion; soup; vegetables; wine,,2
1/27/26,22:07,,,,2
1/28/26,07:21,,,,2
1/28/26,07:47,breakfast,banana; bread; cereal; coffee; eggs; milk,antacid,2
1/28/26,10:36,,,,3
1/28/26,12:33,lunch,cheese; lentils; tomato; vegetables,antacid,4
1/28/26,12:56,,,,3
1/28/26,15:20,,,,3
1/28/26,18:49,dinner,cheese; courgette; oil; pasta; soup; vegetables; yoghurt,,3
1/28/26,18:53,,,,3
1/28/26,21:20,,,,2
1/29/26,07:11,,,,0
1/29/26,07:51,breakfast,bread; butter; coffee; jam; milk,antacid,1
1/29/26,09:41,,,,2
1/29/26,12:23,lunch,apple; pasta; tomato,,3
1/29/26,13:06,,,,5
1/29/26,16:09,,,,7
1/29/26,19:01,dinner,salad,antacid,6
1/29/26,19:25,,,,7
1/29/26,22:07,,,,5
1/30/26,06:46,,,,4
1/30/26,08:36,breakfast,bread; butter; milk,antacid,2
1/30/26,10:25,,,,1
1/30/26,12:46,lunch,chocolate; garlic; oil; onion; tomato; vegetables,antacid,1
1/30/26,13:22,,,,1
1/30/26,15:51,,,,3
1/30/26,18:31,dinner,apple; cheese; garlic; milk; onion; pasta; wine; yoghurt,antacid,0
1/30/26,19:16,,,,1
1/30/26,22:03,,,,0
1/31/26,07:14,,,,0
1/31/26,07:47,breakfast,bread; butter; cereal; coffee; eggs; milk; orange_juice; yoghurt,,2
1/31/26,09:57,,,,3
1/31/26,12:26,lunch,apple; garlic; oil; onion; salad; vegetables,antacid,3
1/31/26,12:45,,,,3
1/31/26,15:37,,,,3
1/31/26,18:45,dinner,chocolate; garlic; oil; onion; rice; soup,antacid,4
1/31/26,18:46,,,,4
1/31/26,21:56,,,,3
2/1/26,07:05,,,,1
2/1/26,07:46,breakfast,apple; bread; butter; coffee,antacid,2
2/1/26,10:26,,,,3
2/1/26,12:47,lunch,bread; cheese; chicken; garlic; onion; potato; tomato; vegetables,antacid,2
2/1/26,13:25,,,,2
2/1/26,16:06,,,,0
2/1/26,19:03,,,,2
2/1/26,19:20,dinner,beef; cheese; chicken; oil; vegetables,antacid,1
2/1/26,22:04,,,,2
2/2/26,07:28,,,,3
2/2/26,08:33,breakfast,bread; butter; coffee,antacid,3
2/2/26,09:49,,,,3
2/2/26,12:22,lunch,bread; garlic; onion; pasta,antacid,3
2/2/26,12:55,,,,5
2/2/26,15:40,,,,6
2/2/26,18:42,,,,5
2/2/26,19:17,dinner,beef; bread; garlic; oil; onion; pasta; soup; wine,,4
2/2/26,22:12,,,,4
2/3/26,07:16,,,,3
2/3/26,07:55,breakfast,banana; bread; butter; coffee,,2
2/3/26,10:23,,,,3
2/3/26,12:42,lunch,bread; chicken; fish; pasta; potato; salad; tomato; vegetables,antacid,4
2/3/26,13:19,,,,4
2/3/26,16:18,,,,3
2/3/26,18:33,dinner,banana; beef; courgette; oil; potato; tomato; yoghurt,antacid,2
2/3/26,19:02,,,,2
2/3/26,21:45,,,,2
2/4/26,06:58,,,,2
2/4/26,08:10,breakfast,banana; jam; milk,antacid,2
2/4/26,09:47,,,,2
2/4/26,12:41,lunch,bread; courgette; mushroom; oil; potato; rice; salad; vegetables,antacid,2
2/4/26,13:07,,,,3
2/4/26,16:12,,,,3
2/4/26,18:34,,,,2
2/4/26,18:51,dinner,cheese; mushroom; rice; salad; soup; tomato,,2
2/4/26,22:06,,,,1
2/5/26,07:13,breakfast,banana; bread; cereal; coffee; milk,antacid,1
2/5/26,07:18,,,,2
2/5/26,09:36,,,,3
2/5/26,12:41,lunch,bread; coffee; oil; prawns; vegetables; yoghurt,antacid,1
2/5/26,12:50,,,,2
2/5/26,16:40,,,,3
2/5/26,18:42,dinner,soup,antacid,2
2/5/26,19:03,,,,3
2/5/26,22:26,,,,3
2/6/26,06:53,,,,2
2/6/26,07:31,breakfast,butter; cereal; coffee,antacid,1
2/6/26,10:31,,,,1
2/6/26,12:10,lunch,apple; bread; cheese; garlic; onion; salad; wine,antacid,2
2/6/26,12:35,,,,0
2/6/26,15:46,,,,4
2/6/26,18:25,dinner,bread; chicken; chocolate; courgette; pasta; salad,,5
2/6/26,19:21,,,,4
2/6/26,22:07,,,,4
2/7/26,06:42,,,,3
2/7/26,07:14,breakfast,bread; butter; cereal; coffee; eggs; jam; milk; orange_juice,,2
2/7/26,09:45,,,,2
2/7/26,12:37,,,,6
2/7/26,12:50,lunch,apple; bread; oil; potato; rice; vegetables,antacid,8
2/7/26,16:17,,,,6
2/7/26,19:18,dinner,banana; bread; courgette; garlic; onion; pasta; salad; tomato,,3
2/7/26,19:22,,,,1
2/7/26,22:04,,,,2
2/8/26,07:04,,,,1
2/8/26,08:25,breakfast,coffee; eggs; jam,antacid,2
2/8/26,09:37,,,,2
2/8/26,13:05,,,,2
2/8/26,13:09,lunch,beef; pasta; tomato; vegetables; yoghurt,antacid,2
2/8/26,15:51,,,,4
2/8/26,18:37,,,,3
2/8/26,19:01,dinner,apple; mushroom; oil; pasta; potato; tomato; yoghurt,antacid,4
2/8/26,21:59,,,,2
2/9/26,07:10,,,,4
2/9/26,08:20,breakfast,bread; butter; cereal; chocolate; coffee,antacid,2
2/9/26,10:00,,,,2
2/9/26,11:37,lunch,apple; beef; bread; chicken; oil; potato; prawns; tomato; vegetables,antacid,2
2/9/26,12:40,,,,1
2/9/26,15:38,,,,0
2/9/26,18:29,dinner,mushroom; oil; rice; salad,,2
2/9/26,19:00,,,,4
2/9/26,21:36,,,,5
2/10/26,07:18,,,,3
2/10/26,07:29,breakfast,butter; coffee,,4
2/10/26,09:54,,,,4
2/10/26,11:55,lunch,beef; eggs; pasta; vegetables,,3
2/10/26,12:51,,,,3
2/10/26,16:33,,,,4
2/10/26,18:35,,,,4
2/10/26,19:09,dinner,banana; cheese; chilli; eggs; yoghurt,antacid,5
2/10/26,22:25,,,,4
2/11/26,06:59,,,,2
2/11/26,07:20,breakfast,bread; coffee; eggs; jam; milk,antacid,2
2/11/26,10:21,,,,1
2/11/26,12:12,lunch,beef; fish; salad; vegetables,,1
2/11/26,12:55,,,,2
2/11/26,15:40,,,,3
2/11/26,19:07,dinner,bread; chocolate; courgette; eggs; garlic; onion; salad; vegetables,antacid,5
2/11/26,19:19,,,,5
2/11/26,21:52,,,,3
