date,heure,repas,aliments,médicaments,douleur
01/01/2026,06:55,,,,0
01/01/2026,08:03,petit_dejeuner,beurre; cafe; pain,antiacide,0
01/01/2026,10:01,,,,0
01/01/2026,12:42,dejeuner,ail; huile; lentilles; oignon; pain; piment; poisson; pomme_de_terre; poulet; tomate,antiacide,3
01/01/2026,12:44,,,,1
01/01/2026,15:48,,,,4
01/01/2026,19:29,,,,3
01/01/2026,19:38,diner,legumes; lentilles; vin,antiacide,3
01/01/2026,22:07,,,,3
02/01/2026,07:11,,,,1
02/01/2026,07:45,petit_dejeuner,cafe; lait; pain; yaourt,antiacide,1
02/01/2026,10:13,,,,1
02/01/2026,12:05,dejeuner,ail; boeuf; legumes; oignon; pain; pomme_de_terre; riz; tomate,antiacide,1
02/01/2026,12:52,,,,2
02/01/2026,15:51,,,,2
02/01/2026,18:47,diner,ail; champignon; huile; legumes; oignon; pomme_de_terre; salade; soupe,,3
02/01/2026,18:53,,,,3
02/01/2026,21:39,,,,3
03/01/2026,07:05,,,,3
03/01/2026,08:39,petit_dejeuner,beurre; cafe; lait; pain; pomme; yaourt,,2
03/01/2026,09:58,,,,1
03/01/2026,12:54,dejeuner,lentilles; salade,antiacide,4
03/01/2026,13:14,,,,3
03/01/2026,16:10,,,,3
03/01/2026,19:13,,,,3
03/01/2026,19:56,diner,ail; courgette; lait; legumes; oignon; soupe; vin,antiacide,3
03/01/2026,21:43,,,,3
04/01/2026,06:42,,,,1
04/01/2026,08:15,petit_dejeuner,cafe; lait,antiacide,0
04/01/2026,10:28,,,,0
04/01/2026,12:37,dejeuner,beurre; cafe; huile; jus_orange; legumes; poisson; pomme,,0
04/01/2026,12:47,,,,0
04/01/2026,16:20,,,,1
04/01/2026,18:52,,,,1
04/01/2026,18:58,diner,courgette; legumes; pain; pomme_de_terre; poulet; salade; tomate,,3
04/01/2026,22:10,,,,3
05/01/2026,06:40,,,,2
05/01/2026,07:35,petit_dejeuner,beurre; cafe; cereales; confiture; oeufs; pain,,0
05/01/2026,09:33,,,,1
05/01/2026,13:03,dejeuner,ail; crevettes; legumes; oignon; salade; tomate,antiacide,4
05/01/2026,13:18,,,,3
05/01/2026,16:08,,,,3
05/01/2026,18:46,,,,1
05/01/2026,18:51,diner,legumes; oeufs; pain; yaourt,antiacide,1
05/01/2026,21:29,,,,3
06/01/2026,06:41,,,,3
06/01/2026,07:31,petit_dejeuner,beurre; cafe; cereales; oeufs; yaourt,,4
06/01/2026,09:37,,,,3
06/01/2026,11:48,dejeuner,courgette; huile; pain; poulet,antiacide,2
06/01/2026,13:19,,,,1
06/01/2026,16:11,,,,2
06/01/2026,18:43,,,,2
06/01/2026,18:47,diner,chocolat; pain; salade; vin,,4
06/01/2026,22:01,,,,4
07/01/2026,06:48,,,,2
07/01/2026,07:56,petit_dejeuner,banane; cafe; jus_orange; pain,antiacide,1
07/01/2026,09:55,,,,2
07/01/2026,12:14,dejeuner,ail; cafe; crevettes; legumes; lentilles; oignon; pain; salade; yaourt,antiacide,0
07/01/2026,13:35,,,,0
07/01/2026,16:09,,,,0
07/01/2026,18:52,,,,1
07/01/2026,19:02,diner,ail; huile; legumes; oignon; pomme_de_terre; riz; salade; yaourt,antiacide,2
07/01/2026,22:06,,,,2
08/01/2026,07:16,,,,3
08/01/2026,08:08,petit_dejeuner,banane; confiture; jus_orange; pain,antiacide,1
08/01/2026,10:19,,,,0
08/01/2026,12:21,dejeuner,boeuf; fromage; pomme; pomme_de_terre; poulet; salade,antiacide,0
08/01/2026,13:37,,,,0
08/01/2026,15:52,,,,0
08/01/2026,18:45,diner,beurre; boeuf; huile; legumes; piment; poisson; pomme_de_terre; tomate,antiacide,3
08/01/2026,19:04,,,,1
08/01/2026,21:48,,,,2
09/01/2026,06:57,,,,3
09/01/2026,07:41,petit_dejeuner,cafe; cereales; pain; yaourt,antiacide,2
09/01/2026,09:58,,,,2
09/01/2026,12:40,dejeuner,huile; lentilles; oeufs; poisson; poulet,antiacide,4
09/01/2026,12:46,,,,4
09/01/2026,16:03,,,,3
09/01/2026,18:37,diner,legumes; piment; riz,,5
09/01/2026,19:25,,,,5
09/01/2026,21:55,,,,3
10/01/2026,07:22,petit_dejeuner,beurre; cafe; pain; pomme,,0
10/01/2026,07:25,,,,3
10/01/2026,09:35,,,,3
10/01/2026,12:25,dejeuner,boeuf; chocolat; huile; oeufs; pain; piment; poisson,antiacide,7
10/01/2026,12:47,,,,6
10/01/2026,15:29,,,,7
10/01/2026,18:45,,,,2
10/01/2026,18:50,diner,courgette; lentilles; soupe; vin,antiacide,2
10/01/2026,22:01,,,,3
11/01/2026,07:09,,,,4
11/01/2026,07:38,petit_dejeuner,beurre; cafe; cereales; chocolat; confiture; lait; pain,antiacide,3
11/01/2026,10:13,,,,1
11/01/2026,11:57,dejeuner,boeuf; champignon; huile; legumes; poisson; poulet,antiacide,0
11/01/2026,12:43,,,,1
11/01/2026,16:01,,,,1
11/01/2026,19:00,,,,1
11/01/2026,19:04,diner,huile; poulet; salade; soupe; tomate,antiacide,0
11/01/2026,22:10,,,,1
12/01/2026,06:56,,,,3
12/01/2026,07:58,petit_dejeuner,beurre; cafe; jus_orange; lait; oeufs; pain; yaourt,antiacide,3
12/01/2026,09:39,,,,2
12/01/2026,12:35,dejeuner,boeuf; pain; piment; poisson; riz; vin; yaourt,,5
12/01/2026,12:59,,,,3
12/01/2026,15:52,,,,6
12/01/2026,18:40,diner,champignon; fromage; legumes; lentilles; tomate; vin,antiacide,6
12/01/2026,18:55,,,,6
12/01/2026,21:37,,,,3
13/01/2026,06:44,,,,2
13/01/2026,08:39,petit_dejeuner,beurre; cafe; lait; oeufs,,3
13/01/2026,10:23,,,,3
13/01/2026,11:58,dejeuner,ail; boeuf; chocolat; crevettes; huile; legumes; lentilles; oignon; pates; pomme; poulet,antiacide,4
13/01/2026,12:57,,,,2
13/01/2026,16:22,,,,2
13/01/2026,18:58,,,,3
13/01/2026,19:27,diner,ail; oignon; poisson; poulet; riz; tomate,,5
13/01/2026,21:49,,,,5
14/01/2026,06:24,,,,2
14/01/2026,07:51,petit_dejeuner,beurre; cafe; confiture,antiacide,1
14/01/2026,10:16,,,,3
14/01/2026,12:56,,,,3
14/01/2026,13:11,dejeuner,cafe; chocolat; fromage; huile; legumes; pain; soupe; tomate,antiacide,3
14/01/2026,15:26,,,,2
14/01/2026,18:30,diner,huile; pomme_de_terre; poulet; yaourt,antiacide,3
14/01/2026,18:41,,,,3
14/01/2026,22:14,,,,2
15/01/2026,07:19,,,,1
15/01/2026,07:57,petit_dejeuner,cafe; confiture,antiacide,2
15/01/2026,10:27,,,,4
15/01/2026,12:03,dejeuner,ail; banane; huile; legumes; oignon; pain; pates; pomme_de_terre; salade; yaourt,,4
15/01/2026,12:39,,,,4
15/01/2026,15:40,,,,5
15/01/2026,18:35,,,,3
15/01/2026,18:53,diner,fromage; pain; piment; soupe,antiacide,5
15/01/2026,21:13,,,,6
16/01/2026,07:23,,,,2
16/01/2026,08:40,petit_dejeuner,beurre; cafe; yaourt,antiacide,2
16/01/2026,10:22,,,,2
16/01/2026,11:57,dejeuner,boeuf; champignon; fromage; huile; legumes; pain; pomme; salade,antiacide,1
16/01/2026,13:23,,,,0
16/01/2026,16:41,,,,2
16/01/2026,18:51,,,,3
16/01/2026,18:55,diner,champignon; chocolat; fromage; huile; lait; legumes; vin,,4
16/01/2026,22:17,,,,7
17/01/2026,06:55,,,,3
17/01/2026,07:18,petit_dejeuner,cafe; lait; pain; yaourt,antiacide,3
17/01/2026,10:19,,,,4
17/01/2026,11:52,dejeuner,banane; fromage; huile; legumes; pain; pates; poulet; riz; tomate,,3
17/01/2026,12:33,,,,3
17/01/2026,16:13,,,,5
17/01/2026,18:40,diner,ail; crevettes; huile; legumes; oignon; pomme_de_terre; salade; vin; yaourt,antiacide,4
17/01/2026,18:59,,,,5
17/01/2026,22:24,,,,6
18/01/2026,07:31,,,,2
18/01/2026,08:17,petit_dejeuner,beurre; jus_orange; lait; pain; pomme,antiacide,2
18/01/2026,10:12,,,,5
18/01/2026,12:50,,,,6
18/01/2026,13:06,dejeuner,huile; legumes; pain; salade; tomate; yaourt,antiacide,5
18/01/2026,16:24,,,,5
18/01/2026,19:07,diner,ail; huile; legumes; oignon; poulet; salade; tomate,antiacide,3
18/01/2026,19:43,,,,4
18/01/2026,22:34,,,,2
19/01/2026,06:58,,,,0
19/01/2026,08:21,petit_dejeuner,cafe; cereales; confiture; jus_orange; oeufs; pain,,2
19/01/2026,09:54,,,,3
19/01/2026,11:53,dejeuner,ail; boeuf; huile; legumes; oignon; pain; poulet; riz; tomate,antiacide,1
19/01/2026,13:14,,,,3
19/01/2026,15:45,,,,2
19/01/2026,19:18,diner,chocolat; huile; legumes; lentilles; salade; yaourt,antiacide,1
19/01/2026,19:26,,,,0
19/01/2026,21:17,,,,0
20/01/2026,06:59,,,,1
20/01/2026,08:33,petit_dejeuner,banane; beurre; cafe; confiture; lait; pain; yaourt,antiacide,2
20/01/2026,09:58,,,,2
20/01/2026,12:22,dejeuner,courgette; fromage; huile; lentilles; oeufs; pain; poisson; soupe,,2
20/01/2026,13:11,,,,1
20/01/2026,15:33,,,,2
20/01/2026,18:52,,,,3
20/01/2026,18:59,diner,legumes; poisson; pomme; pomme_de_terre; poulet; riz; soupe; yaourt,antiacide,1
20/01/2026,21:51,,,,0
21/01/2026,07:20,,,,1
21/01/2026,07:55,petit_dejeuner,cafe; lait; oeufs; pain; yaourt,antiacide,1
21/01/2026,10:00,,,,3
21/01/2026,12:23,dejeuner,ail; champignon; fromage; huile; legumes; lentilles; oignon; pates; poulet; salade,antiacide,5
21/01/2026,12:56,,,,4
21/01/2026,16:08,,,,3
21/01/2026,18:24,diner,courgette; crevettes; legumes; pomme; soupe,antiacide,2
21/01/2026,18:36,,,,0
21/01/2026,21:48,,,,1
22/01/2026,07:00,,,,2
22/01/2026,08:07,petit_dejeuner,cafe; cereales; confiture; fromage; jus_orange; oeufs; pain; yaourt,antiacide,3
22/01/2026,10:03,,,,3
22/01/2026,12:18,dejeuner,ail; champignon; legumes; oignon; pain; pates; poisson,antiacide,4
22/01/2026,13:17,,,,4
22/01/2026,16:02,,,,4
22/01/2026,18:29,,,,2
22/01/2026,18:47,diner,boeuf; huile; legumes; piment; poulet,antiacide,5
22/01/2026,22:26,,,,2
23/01/2026,06:51,,,,3
23/01/2026,08:04,petit_dejeuner,confiture; jus_orange; lait; pomme,antiacide,4
23/01/2026,09:50,,,,5
23/01/2026,12:26,dejeuner,ail; cafe; huile; legumes; oignon; pain; riz; yaourt,antiacide,3
23/01/2026,12:54,,,,2
23/01/2026,16:09,,,,1
23/01/2026,18:38,diner,ail; legumes; oignon; piment; salade; soupe; vin; yaourt,,3
23/01/2026,19:16,,,,4
23/01/2026,22:12,,,,5
24/01/2026,06:53,,,,1
24/01/2026,08:53,petit_dejeuner,beurre; cafe; pain,antiacide,0
24/01/2026,09:46,,,,1
24/01/2026,13:17,dejeuner,ail; beurre; boeuf; huile; legumes; lentilles; oignon; pain; tomate; vin,antiacide,1
24/01/2026,13:35,,,,3
24/01/2026,16:27,,,,5
24/01/2026,18:38,diner,beurre; huile; legumes; poisson; soupe; tomate,antiacide,6
24/01/2026,19:21,,,,5
24/01/2026,22:18,,,,2
25/01/2026,06:29,,,,0
25/01/2026,07:18,petit_dejeuner,cafe; cereales; confiture,,1
25/01/2026,10:25,,,,2
25/01/2026,12:01,dejeuner,pomme_de_terre; yaourt,antiacide,2
25/01/2026,13:18,,,,3
25/01/2026,16:15,,,,2
25/01/2026,18:34,diner,chocolat; huile; salade,antiacide,1
25/01/2026,19:37,,,,0
25/01/2026,22:13,,,,1
26/01/2026,06:58,,,,3
26/01/2026,07:57,petit_dejeuner,beurre; cafe; confiture; jus_orange; pain; pomme,antiacide,2
26/01/2026,09:38,,,,2
26/01/2026,12:20,dejeuner,ail; champignon; huile; legumes; lentilles; oignon; pain; pates; pomme_de_terre; poulet; salade,antiacide,2
26/01/2026,12:46,,,,2
26/01/2026,15:32,,,,2
26/01/2026,18:07,diner,champignon; pain; poisson; pomme; pomme_de_terre; tomate; yaourt,antiacide,1
26/01/2026,18:55,,,,1
26/01/2026,21:32,,,,0
27/01/2026,06:59,,,,1
27/01/2026,08:26,petit_dejeuner,cafe; confiture; lait; pain,,3
27/01/2026,10:19,,,,1
27/01/2026,11:57,dejeuner,boeuf; champignon; fromage; legumes,,3
27/01/2026,13:15,,,,4
27/01/2026,15:50,,,,3
27/01/2026,19:07,,,,2
27/01/2026,19:07,diner,ail; legumes; oignon; soupe; vin,,2
27/01/2026,22:07,,,,2
28/01/2026,07:21,,,,2
28/01/2026,07:47,petit_dejeuner,banane; cafe; cereales; lait; oeufs; pain,antiacide,2
28/01/2026,10:36,,,,3
28/01/2026,12:33,dejeuner,fromage; legumes; lentilles; tomate,antiacide,4
28/01/2026,12:56,,,,3
28/01/2026,15:20,,,,3
28/01/2026,18:49,diner,courgette; fromage; huile; legumes; pates; soupe; yaourt,,3
28/01/2026,18:53,,,,3
28/01/2026,21:20,,,,2
29/01/2026,07:11,,,,0
29/01/2026,07:51,petit_dejeuner,beurre; cafe; confiture; lait; pain,antiacide,1
29/01/2026,09:41,,,,2
29/01/2026,12:23,dejeuner,pates; pomme; tomate,,3
29/01/2026,13:06,,,,5
29/01/2026,16:09,,,,7
29/01/2026,19:01,diner,salade,antiacide,6
29/01/2026,19:25,,,,7
29/01/2026,22:07,,,,5
30/01/2026,06:46,,,,4
30/01/2026,08:36,petit_dejeuner,beurre; lait; pain,antiacide,2
30/01/2026,10:25,,,,1
30/01/2026,12:46,dejeuner,ail; chocolat; huile; legumes; oignon; tomate,antiacide,1
30/01/2026,13:22,,,,1
30/01/2026,15:51,,,,3
30/01/2026,18:31,diner,ail; fromage; lait; oignon; pates; pomme; vin; yaourt,antiacide,0
30/01/2026,19:16,,,,1
30/01/2026,22:03,,,,0
31/01/2026,07:14,,,,0
31/01/2026,07:47,petit_dejeuner,beurre; cafe; cereales; jus_orange; lait; oeufs; pain; yaourt,,2
31/01/2026,09:57,,,,3
31/01/2026,12:26,dejeuner,ail; huile; legumes; oignon; pomme; salade,antiacide,3
31/01/2026,12:45,,,,3
31/01/2026,15:37,,,,3
31/01/2026,18:45,diner,ail; chocolat; huile; oignon; riz; soupe,antiacide,4
31/01/2026,18:46,,,,4
31/01/2026,21:56,,,,3
01/02/2026,07:05,,,,1
01/02/2026,07:46,petit_dejeuner,beurre; cafe; pain; pomme,antiacide,2
01/02/2026,10:26,,,,3
01/02/2026,12:47,dejeuner,ail; fromage; legumes; oignon; pain; pomme_de_terre; poulet; tomate,antiacide,2
01/02/2026,13:25,,,,2
01/02/2026,16:06,,,,0
01/02/2026,19:03,,,,2
01/02/2026,19:20,diner,boeuf; fromage; huile; legumes; poulet,antiacide,1
01/02/2026,22:04,,,,2
02/02/2026,07:28,,,,3
02/02/2026,08:33,petit_dejeuner,beurre; cafe; pain,antiacide,3
02/02/2026,09:49,,,,3
02/02/2026,12:22,dejeuner,ail; oignon; pain; pates,antiacide,3
02/02/2026,12:55,,,,5
02/02/2026,15:40,,,,6
02/02/2026,18:42,,,,5
02/02/2026,19:17,diner,ail; boeuf; huile; oignon; pain; pates; soupe; vin,,4
02/02/2026,22:12,,,,4
03/02/2026,07:16,,,,3
03/02/2026,07:55,petit_dejeuner,banane; beurre; cafe; pain,,2
03/02/2026,10:23,,,,3
03/02/2026,12:42,dejeuner,legumes; pain; pates; poisson; pomme_de_terre; poulet; salade; tomate,antiacide,4
03/02/2026,13:19,,,,4
03/02/2026,16:18,,,,3
03/02/2026,18:33,diner,banane; boeuf; courgette; huile; pomme_de_terre; tomate; yaourt,antiacide,2
03/02/2026,19:02,,,,2
03/02/2026,21:45,,,,2
04/02/2026,06:58,,,,2
04/02/2026,08:10,petit_dejeuner,banane; confiture; lait,antiacide,2
04/02/2026,09:47,,,,2
04/02/2026,12:41,dejeuner,champignon; courgette; huile; legumes; pain; pomme_de_terre; riz; salade,antiacide,2
04/02/2026,13:07,,,,3
04/02/2026,16:12,,,,3
04/02/2026,18:34,,,,2
04/02/2026,18:51,diner,champignon; fromage; riz; salade; soupe; tomate,,2
04/02/2026,22:06,,,,1
05/02/2026,07:13,petit_dejeuner,banane; cafe; cereales; lait; pain,antiacide,1
05/02/2026,07:18,,,,2
05/02/2026,09:36,,,,3
05/02/2026,12:41,dejeuner,cafe; crevettes; huile; legumes; pain; yaourt,antiacide,1
05/02/2026,12:50,,,,2
05/02/2026,16:40,,,,3
05/02/2026,18:42,diner,soupe,antiacide,2
05/02/2026,19:03,,,,3
05/02/2026,22:26,,,,3
06/02/2026,06:53,,,,2
06/02/2026,07:31,petit_dejeuner,beurre; cafe; cereales,antiacide,1
06/02/2026,10:31,,,,1
06/02/2026,12:10,dejeuner,ail; fromage; oignon; pain; pomme; salade; vin,antiacide,2
06/02/2026,12:35,,,,0
06/02/2026,15:46,,,,4
06/02/2026,18:25,diner,chocolat; courgette; pain; pates; poulet; salade,,5
06/02/2026,19:21,,,,4
06/02/2026,22:07,,,,4
07/02/2026,06:42,,,,3
07/02/2026,07:14,petit_dejeuner,beurre; cafe; cereales; confiture; jus_orange; lait; oeufs; pain,,2
07/02/2026,09:45,,,,2
07/02/2026,12:37,,,,6
07/02/2026,12:50,dejeuner,huile; legumes; pain; pomme; pomme_de_terre; riz,antiacide,8
07/02/2026,16:17,,,,6
07/02/2026,19:18,diner,ail; banane; courgette; oignon; pain; pates; salade; tomate,,3
07/02/2026,19:22,,,,1
07/02/2026,22:04,,,,2
08/02/2026,07:04,,,,1
08/02/2026,08:25,petit_dejeuner,cafe; confiture; oeufs,antiacide,2
08/02/2026,09:37,,,,2
08/02/2026,13:05,,,,2
08/02/2026,13:09,dejeuner,boeuf; legumes; pates; tomate; yaourt,antiacide,2
08/02/2026,15:51,,,,4
08/02/2026,18:37,,,,3
08/02/2026,19:01,diner,champignon; huile; pates; pomme; pomme_de_terre; tomate; yaourt,antiacide,4
08/02/2026,21:59,,,,2
09/02/2026,07:10,,,,4
09/02/2026,08:20,petit_dejeuner,beurre; cafe; cereales; chocolat; pain,antiacide,2
09/02/2026,10:00,,,,2
09/02/2026,11:37,dejeuner,boeuf; crevettes; huile; legumes; pain; pomme; pomme_de_terre; poulet; tomate,antiacide,2
09/02/2026,12:40,,,,1
09/02/2026,15:38,,,,0
09/02/2026,18:29,diner,champignon; huile; riz; salade,,2
09/02/2026,19:00,,,,4
09/02/2026,21:36,,,,5
10/02/2026,07:18,,,,3
10/02/2026,07:29,petit_dejeuner,beurre; cafe,,4
10/02/2026,09:54,,,,4
10/02/2026,11:55,dejeuner,boeuf; legumes; oeufs; pates,,3
10/02/2026,12:51,,,,3
10/02/2026,16:33,,,,4
10/02/2026,18:35,,,,4
10/02/2026,19:09,diner,banane; fromage; oeufs; piment; yaourt,antiacide,5
10/02/2026,22:25,,,,4
11/02/2026,06:59,,,,2
11/02/2026,07:20,petit_dejeuner,cafe; confiture; lait; oeufs; pain,antiacide,2
11/02/2026,10:21,,,,1
11/02/2026,12:12,dejeuner,boeuf; legumes; poisson; salade,,1
11/02/2026,12:55,,,,2
11/02/2026,15:40,,,,3
11/02/2026,19:07,diner,ail; chocolat; courgette; legumes; oeufs; oignon; pain; salade,antiacide,5
11/02/2026,19:19,,,,5
11/02/2026,21:52,,,,3
